Workbook

Sheet Telc_customer_churn_with_pivot_
A1: CustomerID | B1: Count | C1: Country | D1: State | E1: City | F1: Zip Code | G1: Lat Long | H1: Latitude | I1: Longitude | J1: Gender | K1: Senior Citizen | L1: Partner | M1: Dependents | N1: TM Category | O1: Tenure Months | P1: Phone Service | Q1: Multiple Lines | R1: Online Security | S1: Online Backup | T1: Device Protection | U1: Tech Support | V1: Streaming TV | W1: Streaming Movies | X1: Paperless Billing | Y1: MC Category | Z1: Monthly Charges | AA1: Total Charges | AB1: Churn Label | AC1: Churn Value | AD1: Churn Score | AE1: CLTV | AF1: Churn Reason | AG1: Contract_One year | AH1: Contract_Two year | AI1: Internet Service_Fiber optic | AJ1: Internet Service_No | AK1: Payment Method_Credit card (automatic) | AL1: Payment Method_Electronic check | AM1: Payment Method_Mailed check | AN1: avg_monthly_spend | AO1: mothly_spent_round | AP1: has_multiple_services
A2: 3668-QPYBK | B2: 1 | C2: United States | D2: California | E2: Los Angeles | F2: 90003 | G2: 33.964131, -118.272783 | H2: 33.964131 | I2: -118.27278 | J2: 1 | K2: 0 | L2: 0 | M2: 0 | N2: =VLOOKUP(O2:O7033,'VLOOKUP Ranges'!$A$9:$B$12,2,TRUE) -> 1-9 | O2: 2 | P2: 1 | Q2: No | R2: Yes | S2: Yes | T2: No | U2: No | V2: No | W2: No | X2: 1 | Y2: =VLOOKUP(Z2:Z7033,'VLOOKUP Ranges'!$A$2:$B$5,2,TRUE) -> 35-70 | Z2: 53.85 | AA2: 108.15 | AB2: Yes | AC2: 1 | AD2: 86 | AE2: 3239 | AF2: Competitor made better offer | AG2: FALSE | AH2: FALSE | AI2: FALSE | AJ2: FALSE | AK2: FALSE | AL2: FALSE | AM2: TRUE | AN2: 54.075 | AO2: =ROUNDUP(Z2, 0) -> 54 | AP2: TRUE
A3: 9237-HQITU | B3: 1 | C3: United States | D3: California | E3: Los Angeles | F3: 90005 | G3: 34.059281, -118.30742 | H3: 34.059281 | I3: -118.30742 | J3: 0 | K3: 0 | L3: 0 | M3: 1 | N3: =VLOOKUP(O3:O7034,'VLOOKUP Ranges'!$A$9:$B$12,2,TRUE) -> 1-9 | O3: 2 | P3: 1 | Q3: No | R3: No | S3: No | T3: No | U3: No | V3: No | W3: No | X3: 1 | Y3: =VLOOKUP(Z3:Z7034,'VLOOKUP Ranges'!$A$2:$B$5,2,TRUE) -> 70-89 | Z3: 70.7 | AA3: 151.65 | AB3: Yes | AC3: 1 | AD3: 67 | AE3: 2701 | AF3: Moved | AG3: FALSE | AH3: FALSE | AI3: TRUE | AJ3: FALSE | AK3: FALSE | AL3: TRUE | AM3: FALSE | AN3: 75.825 | AO3: =ROUNDUP(Z3, 0) -> 71 | AP3: FALSE
A4: 9305-CDSKC | B4: 1 | C4: United States | D4: California | E4: Los Angeles | F4: 90006 | G4: 34.048013, -118.293953 | H4: 34.048013 | I4: -118.29395 | J4: 0 | K4: 0 | L4: 0 | M4: 1 | N4: =VLOOKUP(O4:O7035,'VLOOKUP Ranges'!$A$9:$B$12,2,TRUE) -> 1-9 | O4: 8 | P4: 1 | Q4: Yes | R4: No | S4: No | T4: Yes | U4: No | V4: Yes | W4: Yes | X4: 1 | Y4: =VLOOKUP(Z4:Z7035,'VLOOKUP Ranges'!$A$2:$B$5,2,TRUE) -> 89-118 | Z4: 99.65 | AA4: 820.5 | AB4: Yes | AC4: 1 | AD4: 86 | AE4: 5372 | AF4: Moved | AG4: FALSE | AH4: FALSE | AI4: TRUE | AJ4: FALSE | AK4: FALSE | AL4: TRUE | AM4: FALSE | AN4: 102.5625 | AO4: =ROUNDUP(Z4, 0) -> 100 | AP4: FALSE
A5: 7892-POOKP | B5: 1 | C5: United States | D5: California | E5: Los Angeles | F5: 90010 | G5: 34.062125, -118.315709 | H5: 34.062125 | I5: -118.31571 | J5: 0 | K5: 0 | L5: 1 | M5: 1 | N5: =VLOOKUP(O5:O7036,'VLOOKUP Ranges'!$A$9:$B$12,2,TRUE) -> 9-29 | O5: 28 | P5: 1 | Q5: Yes | R5: No | S5: No | T5: Yes | U5: Yes | V5: Yes | W5: Yes | X5: 1 | Y5: =VLOOKUP(Z5:Z7036,'VLOOKUP Ranges'!$A$2:$B$5,2,TRUE) -> 89-118 | Z5: 104.8 | AA5: 3046.05 | AB5: Yes | AC5: 1 | AD5: 84 | AE5: 5003 | AF5: Moved | AG5: FALSE | AH5: FALSE | AI5: TRUE | AJ5: FALSE | AK5: FALSE | AL5: TRUE | AM5: FALSE | AN5: 108.7875 | AO5: =ROUNDUP(Z5, 0) -> 105 | AP5: FALSE
A6: 0280-XJGEX | B6: 1 | C6: United States | D6: California | E6: Los Angeles | F6: 90015 | G6: 34.039224, -118.266293 | H6: 34.039224 | I6: -118.26629 | J6: 1 | K6: 0 | L6: 0 | M6: 1 | N6: =VLOOKUP(O6:O7037,'VLOOKUP Ranges'!$A$9:$B$12,2,TRUE) -> 29-55 | O6: 49 | P6: 1 | Q6: Yes | R6: No | S6: Yes | T6: Yes | U6: No | V6: Yes | W6: Yes | X6: 1 | Y6: =VLOOKUP(Z6:Z7037,'VLOOKUP Ranges'!$A$2:$B$5,2,TRUE) -> 89-118 | Z6: 103.7 | AA6: 5036.3 | AB6: Yes | AC6: 1 | AD6: 89 | AE6: 5340 | AF6: Competitor had better devices | AG6: FALSE | AH6: FALSE | AI6: TRUE | AJ6: FALSE | AK6: FALSE | AL6: FALSE | AM6: FALSE | AN6: 102.78163 | AO6: =ROUNDUP(Z6, 0) -> 104 | AP6: FALSE
A7: 4190-MFLUW | B7: 1 | C7: United States | D7: California | E7: Los Angeles | F7: 90020 | G7: 34.066367, -118.309868 | H7: 34.066367 | I7: -118.30987 | J7: 0 | K7: 0 | L7: 1 | M7: 0 | N7: =VLOOKUP(O7:O7038,'VLOOKUP Ranges'!$A$9:$B$12,2,TRUE) -> 9-29 | O7: 10 | P7: 1 | Q7: No | R7: No | S7: No | T7: Yes | U7: Yes | V7: No | W7: No | X7: 0 | Y7: =VLOOKUP(Z7:Z7038,'VLOOKUP Ranges'!$A$2:$B$5,2,TRUE) -> 35-70 | Z7: 55.2 | AA7: 528.35 | AB7: Yes | AC7: 1 | AD7: 78 | AE7: 5925 | AF7: Competitor offered higher download speeds | AG7: FALSE | AH7: FALSE | AI7: FALSE | AJ7: FALSE | AK7: TRUE | AL7: FALSE | AM7: FALSE | AN7: 52.835 | AO7: =ROUNDUP(Z7, 0) -> 56 | AP7: FALSE
A8: 8779-QRDMV | B8: 1 | C8: United States | D8: California | E8: Los Angeles | F8: 90022 | G8: 34.02381, -118.156582 | H8: 34.02381 | I8: -118.15658 | J8: 1 | K8: 1 | L8: 0 | M8: 0 | N8: =VLOOKUP(O8:O7039,'VLOOKUP Ranges'!$A$9:$B$12,2,TRUE) -> 1-9 | O8: 1 | P8: 0 | Q8: No phone service | R8: No | S8: No | T8: Yes | U8: No | V8: No | W8: Yes | X8: 1 | Y8: =VLOOKUP(Z8:Z7039,'VLOOKUP Ranges'!$A$2:$B$5,2,TRUE) -> 35-70 | Z8: 39.65 | AA8: 39.65 | AB8: Yes | AC8: 1 | AD8: 100 | AE8: 5433 | AF8: Competitor offered more data | AG8: FALSE | AH8: FALSE | AI8: FALSE | AJ8: FALSE | AK8: FALSE | AL8: TRUE | AM8: FALSE | AN8: 39.65 | AO8: =ROUNDUP(Z8, 0) -> 40 | AP8: FALSE
A9: 1066-JKSGK | B9: 1 | C9: United States | D9: California | E9: Los Angeles | F9: 90024 | G9: 34.066303, -118.435479 | H9: 34.066303 | I9: -118.43548 | J9: 1 | K9: 0 | L9: 0 | M9: 0 | N9: =VLOOKUP(O9:O7040,'VLOOKUP Ranges'!$A$9:$B$12,2,TRUE) -> 1-9 | O9: 1 | P9: 1 | Q9: No | R9: No internet service | S9: No internet service | T9: No internet service | U9: No internet service | V9: No internet service | W9: No internet service | X9: 0 | Y9: =VLOOKUP(Z9:Z7040,'VLOOKUP Ranges'!$A$2:$B$5,2,TRUE) -> 18-35 | Z9: 20.15 | AA9: 20.15 | AB9: Yes | AC9: 1 | AD9: 92 | AE9: 4832 | AF9: Competitor made better offer | AG9: FALSE | AH9: FALSE | AI9: FALSE | AJ9: TRUE | AK9: FALSE | AL9: FALSE | AM9: TRUE | AN9: 20.15 | AO9: =ROUNDUP(Z9, 0) -> 21 | AP9: FALSE
A10: 6467-CHFZW | B10: 1 | C10: United States | D10: California | E10: Los Angeles | F10: 90028 | G10: 34.099869, -118.326843 | H10: 34.099869 | I10: -118.32684 | J10: 1 | K10: 0 | L10: 1 | M10: 1 | N10: =VLOOKUP(O10:O7041,'VLOOKUP Ranges'!$A$9:$B$12,2,TRUE) -> 29-55 | O10: 47 | P10: 1 | Q10: Yes | R10: No | S10: Yes | T10: No | U10: No | V10: Yes | W10: Yes | X10: 1 | Y10: =VLOOKUP(Z10:Z7041,'VLOOKUP Ranges'!$A$2:$B$5,2,TRUE) -> 89-118 | Z10: 99.35 | AA10: 4749.15 | AB10: Yes | AC10: 1 | AD10: 77 | AE10: 5789 | AF10: Competitor had better devices | AG10: FALSE | AH10: FALSE | AI10: TRUE | AJ10: FALSE | AK10: FALSE | AL10: TRUE | AM10: FALSE | AN10: 101.04574 | AO10: =ROUNDUP(Z10, 0) -> 100 | AP10: FALSE
A11: 8665-UTDHZ | B11: 1 | C11: United States | D11: California | E11: Los Angeles | F11: 90029 | G11: 34.089953, -118.294824 | H11: 34.089953 | I11: -118.29482 | J11: 1 | K11: 0 | L11: 1 | M11: 0 | N11: =VLOOKUP(O11:O7042,'VLOOKUP Ranges'!$A$9:$B$12,2,TRUE) -> 1-9 | O11: 1 | P11: 0 | Q11: No phone service | R11: No | S11: Yes | T11: No | U11: No | V11: No | W11: No | X11: 0 | Y11: =VLOOKUP(Z11:Z7042,'VLOOKUP Ranges'!$A$2:$B$5,2,TRUE) -> 18-35 | Z11: 30.2 | AA11: 30.2 | AB11: Yes | AC11: 1 | AD11: 97 | AE11: 2915 | AF11: Competitor had better devices | AG11: FALSE | AH11: FALSE | AI11: FALSE | AJ11: FALSE | AK11: FALSE | AL11: TRUE | AM11: FALSE | AN11: 30.2 | AO11: =ROUNDUP(Z11, 0) -> 31 | AP11: FALSE
A12: 8773-HHUOZ | B12: 1 | C12: United States | D12: California | E12: Los Angeles | F12: 90032 | G12: 34.078821, -118.177576 | H12: 34.078821 | I12: -118.17758 | J12: 0 | K12: 0 | L12: 0 | M12: 0 | N12: =VLOOKUP(O12:O7043,'VLOOKUP Ranges'!$A$9:$B$12,2,TRUE) -> 9-29 | O12: 17 | P12: 1 | Q12: No | R12: No | S12: No | T12: No | U12: No | V12: Yes | W12: Yes | X12: 1 | Y12: =VLOOKUP(Z12:Z7043,'VLOOKUP Ranges'!$A$2:$B$5,2,TRUE) -> 35-70 | Z12: 64.7 | AA12: 1093.1 | AB12: Yes | AC12: 1 | AD12: 74 | AE12: 3022 | AF12: Competitor offered higher download speeds | AG12: FALSE | AH12: FALSE | AI12: FALSE | AJ12: FALSE | AK12: FALSE | AL12: FALSE | AM12: TRUE | AN12: 64.3 | AO12: =ROUNDUP(Z12, 0) -> 65 | AP12: FALSE
A13: 6047-YHPVI | B13: 1 | C13: United States | D13: California | E13: Los Angeles | F13: 90039 | G13: 34.110845, -118.259595 | H13: 34.110845 | I13: -118.2596 | J13: 1 | K13: 0 | L13: 0 | M13: 1 | N13: =VLOOKUP(O13:O7044,'VLOOKUP Ranges'!$A$9:$B$12,2,TRUE) -> 1-9 | O13: 5 | P13: 1 | Q13: No | R13: No | S13: No | T13: No | U13: No | V13: No | W13: No | X13: 1 | Y13: =VLOOKUP(Z13:Z7044,'VLOOKUP Ranges'!$A$2:$B$5,2,TRUE) -> 35-70 | Z13: 69.7 | AA13: 316.9 | AB13: Yes | AC13: 1 | AD13: 66 | AE13: 2454 | AF13: Competitor offered higher download speeds | AG13: FALSE | AH13: FALSE | AI13: TRUE | AJ13: FALSE | AK13: FALSE | AL13: TRUE | AM13: FALSE | AN13: 63.38 | AO13: =ROUNDUP(Z13, 0) -> 70 | AP13: FALSE
... A1870: 8361-LTMKD | B1870: 1 | C1870: United States | D1870: California | E1870: Apple Valley | F1870: 92307 | G1870: 34.55082, -117.122396 | H1870: 34.55082 | I1870: -117.1224 | J1870: 1 | K1870: 1 | L1870: 1 | M1870: 0 | N1870: =VLOOKUP(O1870:O8901,'VLOOKUP Ranges'!$A$9:$B$12,2,TRUE) -> 1-9 | O1870: 4 | P1870: 1 | Q1870: Yes | R1870: No | S1870: No | T1870: No | U1870: No | V1870: No | W1870: No | X1870: 1 | Y1870: =VLOOKUP(Z1870:Z8901,'VLOOKUP Ranges'!$A$2:$B$5,2,TRUE) -> 70-89 | Z1870: 74.4 | AA1870: 306.6 | AB1870: Yes | AC1870: 1 | AD1870: 77 | AE1870: 5839 | AF1870: Competitor offered more data | AG1870: FALSE | AH1870: FALSE | AI1870: TRUE | AJ1870: FALSE | AK1870: FALSE | AL1870: FALSE | AM1870: TRUE | AN1870: 76.65 | AO1870: =ROUNDUP(Z1870, 0) -> 75 | AP1870: FALSE
A1871: 7590-VHVEG | B1871: 1 | C1871: United States | D1871: California | E1871: Los Angeles | F1871: 90001 | G1871: 33.973616, -118.24902 | H1871: 33.973616 | I1871: -118.24902 | J1871: 0 | K1871: 0 | L1871: 1 | M1871: 0 | N1871: =VLOOKUP(O1871:O8902,'VLOOKUP Ranges'!$A$9:$B$12,2,TRUE) -> 1-9 | O1871: 1 | P1871: 0 | Q1871: No phone service | R1871: No | S1871: Yes | T1871: No | U1871: No | V1871: No | W1871: No | X1871: 1 | Y1871: =VLOOKUP(Z1871:Z8902,'VLOOKUP Ranges'!$A$2:$B$5,2,TRUE) -> 18-35 | Z1871: 29.85 | AA1871: 29.85 | AB1871: No | AC1871: 0 | AD1871: 27 | AE1871: 3964 | AG1871: FALSE | AH1871: FALSE | AI1871: FALSE | AJ1871: FALSE | AK1871: FALSE | AL1871: TRUE | AM1871: FALSE | AN1871: 29.85 | AO1871: =ROUNDUP(Z1871, 0) -> 30 | AP1871: FALSE
A1872: 5575-GNVDE | B1872: 1 | C1872: United States | D1872: California | E1872: Los Angeles | F1872: 90002 | G1872: 33.949255, -118.246978 | H1872: 33.949255 | I1872: -118.24698 | J1872: 1 | K1872: 0 | L1872: 0 | M1872: 0 | N1872: =VLOOKUP(O1872:O8903,'VLOOKUP Ranges'!$A$9:$B$12,2,TRUE) -> 29-55 | O1872: 34 | P1872: 1 | Q1872: No | R1872: Yes | S1872: No | T1872: Yes | U1872: No | V1872: No | W1872: No | X1872: 0 | Y1872: =VLOOKUP(Z1872:Z8903,'VLOOKUP Ranges'!$A$2:$B$5,2,TRUE) -> 35-70 | Z1872: 56.95 | AA1872: 1889.5 | AB1872: No | AC1872: 0 | AD1872: 61 | AE1872: 3441 | AG1872: TRUE | AH1872: FALSE | AI1872: FALSE | AJ1872: FALSE | AK1872: FALSE | AL1872: FALSE | AM1872: TRUE | AN1872: 55.573529 | AO1872: =ROUNDUP(Z1872, 0) -> 57 | AP1872: TRUE
A1873: 7795-CFOCW | B1873: 1 | C1873: United States | D1873: California | E1873: Los Angeles | F1873: 90004 | G1873: 34.076259, -118.310715 | H1873: 34.076259 | I1873: -118.31072 | J1873: 1 | K1873: 0 | L1873: 0 | M1873: 0 | N1873: =VLOOKUP(O1873:O8904,'VLOOKUP Ranges'!$A$9:$B$12,2,TRUE) -> 29-55 | O1873: 45 | P1873: 0 | Q1873: No phone service | R1873: Yes | S1873: No | T1873: Yes | U1873: Yes | V1873: No | W1873: No | X1873: 0 | Y1873: =VLOOKUP(Z1873:Z8904,'VLOOKUP Ranges'!$A$2:$B$5,2,TRUE) -> 35-70 | Z1873: 42.3 | AA1873: 1840.75 | AB1873: No | AC1873: 0 | AD1873: 66 | AE1873: 4307 | AG1873: TRUE | AH1873: FALSE | AI1873: FALSE | AJ1873: FALSE | AK1873: FALSE | AL1873: FALSE | AM1873: FALSE | AN1873: 40.905556 | AO1873: =ROUNDUP(Z1873, 0) -> 43 | AP1873: FALSE
A1874: 1452-KIOVK | B1874: 1 | C1874: United States | D1874: California | E1874: Los Angeles | F1874: 90007 | G1874: 34.027337, -118.28515 | H1874: 34.027337 | I1874: -118.28515 | J1874: 1 | K1874: 0 | L1874: 0 | M1874: 1 | N1874: =VLOOKUP(O1874:O8905,'VLOOKUP Ranges'!$A$9:$B$12,2,TRUE) -> 9-29 | O1874: 22 | P1874: 1 | Q1874: Yes | R1874: No | S1874: Yes | T1874: No | U1874: No | V1874: Yes | W1874: No | X1874: 1 | Y1874: =VLOOKUP(Z1874:Z8905,'VLOOKUP Ranges'!$A$2:$B$5,2,TRUE) -> 70-89 | Z1874: 89.1 | AA1874: 1949.4 | AB1874: No | AC1874: 0 | AD1874: 43 | AE1874: 4459 | AG1874: FALSE | AH1874: FALSE | AI1874: TRUE | AJ1874: FALSE | AK1874: TRUE | AL1874: FALSE | AM1874: FALSE | AN1874: 88.609091 | AO1874: =ROUNDUP(Z1874, 0) -> 90 | AP1874: FALSE
A1875: 6713-OKOMC | B1875: 1 | C1875: United States | D1875: California | E1875: Los Angeles | F1875: 90008 | G1875: 34.008293, -118.346766 | H1875: 34.008293 | I1875: -118.34677 | J1875: 0 | K1875: 0 | L1875: 0 | M1875: 0 | N1875: =VLOOKUP(O1875:O8906,'VLOOKUP Ranges'!$A$9:$B$12,2,TRUE) -> 9-29 | O1875: 10 | P1875: 0 | Q1875: No phone service | R1875: Yes | S1875: No | T1875: No | U1875: No | V1875: No | W1875: No | X1875: 0 | Y1875: =VLOOKUP(Z1875:Z8906,'VLOOKUP Ranges'!$A$2:$B$5,2,TRUE) -> 18-35 | Z1875: 29.75 | AA1875: 301.9 | AB1875: No | AC1875: 0 | AD1875: 51 | AE1875: 2013 | AG1875: FALSE | AH1875: FALSE | AI1875: FALSE | AJ1875: FALSE | AK1875: FALSE | AL1875: FALSE | AM1875: TRUE | AN1875: 30.19 | AO1875: =ROUNDUP(Z1875, 0) -> 30 | AP1875: FALSE
A1876: 6388-TABGU | B1876: 1 | C1876: United States | D1876: California | E1876: Los Angeles | F1876: 90011 | G1876: 34.00709, -118.258681 | H1876: 34.00709 | I1876: -118.25868 | J1876: 1 | K1876: 0 | L1876: 0 | M1876: 0 | N1876: =VLOOKUP(O1876:O8907,'VLOOKUP Ranges'!$A$9:$B$12,2,TRUE) -> 55-77 | O1876: 62 | P1876: 1 | Q1876: No | R1876: Yes | S1876: Yes | T1876: No | U1876: No | V1876: No | W1876: No | X1876: 0 | Y1876: =VLOOKUP(Z1876:Z8907,'VLOOKUP Ranges'!$A$2:$B$5,2,TRUE) -> 35-70 | Z1876: 56.15 | AA1876: 3487.95 | AB1876: No | AC1876: 0 | AD1876: 58 | AE1876: 4529 | AG1876: TRUE | AH1876: FALSE | AI1876: FALSE | AJ1876: FALSE | AK1876: FALSE | AL1876: FALSE | AM1876: FALSE | AN1876: 56.257258 | AO1876: =ROUNDUP(Z1876, 0) -> 57 | AP1876: TRUE
A1877: 9763-GRSKD | B1877: 1 | C1877: United States | D1877: California | E1877: Los Angeles | F1877: 90012 | G1877: 34.065875, -118.238728 | H1877: 34.065875 | I1877: -118.23873 | J1877: 1 | K1877: 0 | L1877: 1 | M1877: 1 | N1877: =VLOOKUP(O1877:O8908,'VLOOKUP Ranges'!$A$9:$B$12,2,TRUE) -> 9-29 | O1877: 13 | P1877: 1 | Q1877: No | R1877: Yes | S1877: No | T1877: No | U1877: No | V1877: No | W1877: No | X1877: 1 | Y1877: =VLOOKUP(Z1877:Z8908,'VLOOKUP Ranges'!$A$2:$B$5,2,TRUE) -> 35-70 | Z1877: 49.95 | AA1877: 587.45 | AB1877: No | AC1877: 0 | AD1877: 76 | AE1877: 5764 | AG1877: FALSE | AH1877: FALSE | AI1877: FALSE | AJ1877: FALSE | AK1877: FALSE | AL1877: FALSE | AM1877: TRUE | AN1877: 45.188462 | AO1877: =ROUNDUP(Z1877, 0) -> 50 | AP1877: TRUE
A1878: 7469-LKBCI | B1878: 1 | C1878: United States | D1878: California | E1878: Los Angeles | F1878: 90013 | G1878: 34.044639, -118.240413 | H1878: 34.044639 | I1878: -118.24041 | J1878: 1 | K1878: 0 | L1878: 0 | M1878: 0 | N1878: =VLOOKUP(O1878:O8909,'VLOOKUP Ranges'!$A$9:$B$12,2,TRUE) -> 9-29 | O1878: 16 | P1878: 1 | Q1878: No | R1878: No internet service | S1878: No internet service | T1878: No internet service | U1878: No internet service | V1878: No internet service | W1878: No internet service | X1878: 0 | Y1878: =VLOOKUP(Z1878:Z8909,'VLOOKUP Ranges'!$A$2:$B$5,2,TRUE) -> 18-35 | Z1878: 18.95 | AA1878: 326.8 | AB1878: No | AC1878: 0 | AD1878: 39 | AE1878: 4726 | AG1878: FALSE | AH1878: TRUE | AI1878: FALSE | AJ1878: TRUE | AK1878: TRUE | AL1878: FALSE | AM1878: FALSE | AN1878: 20.425 | AO1878: =ROUNDUP(Z1878, 0) -> 19 | AP1878: FALSE
A1879: 8091-TTVAX | B1879: 1 | C1879: United States | D1879: California | E1879: Los Angeles | F1879: 90014 | G1879: 34.043144, -118.251977 | H1879: 34.043144 | I1879: -118.25198 | J1879: 1 | K1879: 0 | L1879: 1 | M1879: 0 | N1879: =VLOOKUP(O1879:O8910,'VLOOKUP Ranges'!$A$9:$B$12,2,TRUE) -> 55-77 | O1879: 58 | P1879: 1 | Q1879: Yes | R1879: No | S1879: No | T1879: Yes | U1879: No | V1879: Yes | W1879: Yes | X1879: 0 | Y1879: =VLOOKUP(Z1879:Z8910,'VLOOKUP Ranges'!$A$2:$B$5,2,TRUE) -> 89-118 | Z1879: 100.35 | AA1879: 5681.1 | AB1879: No | AC1879: 0 | AD1879: 71 | AE1879: 6432 | AG1879: TRUE | AH1879: FALSE | AI1879: TRUE | AJ1879: FALSE | AK1879: TRUE | AL1879: FALSE | AM1879: FALSE | AN1879: 97.95 | AO1879: =ROUNDUP(Z1879, 0) -> 101 | AP1879: FALSE
A1880: 5129-JLPIS | B1880: 1 | C1880: United States | D1880: California | E1880: Los Angeles | F1880: 90016 | G1880: 34.028331, -118.354338 | H1880: 34.028331 | I1880: -118.35434 | J1880: 1 | K1880: 0 | L1880: 0 | M1880: 0 | N1880: =VLOOKUP(O1880:O8911,'VLOOKUP Ranges'!$A$9:$B$12,2,TRUE) -> 9-29 | O1880: 25 | P1880: 1 | Q1880: No | R1880: Yes | S1880: No | T1880: Yes | U1880: Yes | V1880: Yes | W1880: Yes | X1880: 1 | Y1880: =VLOOKUP(Z1880:Z8911,'VLOOKUP Ranges'!$A$2:$B$5,2,TRUE) -> 89-118 | Z1880: 105.5 | AA1880: 2686.05 | AB1880: No | AC1880: 0 | AD1880: 75 | AE1880: 5822 | AG1880: FALSE | AH1880: FALSE | AI1880: TRUE | AJ1880: FALSE | AK1880: FALSE | AL1880: TRUE | AM1880: FALSE | AN1880: 107.442 | AO1880: =ROUNDUP(Z1880, 0) -> 106 | AP1880: TRUE
A1881: 3655-SNQYZ | B1881: 1 | C1881: United States | D1881: California | E1881: Los Angeles | F1881: 90017 | G1881: 34.052842, -118.264495 | H1881: 34.052842 | I1881: -118.26449 | J1881: 0 | K1881: 0 | L1881: 1 | M1881: 0 | N1881: =VLOOKUP(O1881:O8912,'VLOOKUP Ranges'!$A$9:$B$12,2,TRUE) -> 55-77 | O1881: 69 | P1881: 1 | Q1881: Yes | R1881: Yes | S1881: Yes | T1881: Yes | U1881: Yes | V1881: Yes | W1881: Yes | X1881: 0 | Y1881: =VLOOKUP(Z1881:Z8912,'VLOOKUP Ranges'!$A$2:$B$5,2,TRUE) -> 89-118 | Z1881: 113.25 | AA1881: 7895.15 | AB1881: No | AC1881: 0 | AD1881: 43 | AE1881: 5141 | AG1881: FALSE | AH1881: TRUE | AI1881: TRUE | AJ1881: FALSE | AK1881: TRUE | AL1881: FALSE | AM1881: FALSE | AN1881: 114.42246 | AO1881: =ROUNDUP(Z1881, 0) -> 114 | AP1881: TRUE
A1882: 8191-XWSZG | B1882: 1 | C1882: United States | D1882: California | E1882: Los Angeles | F1882: 90018 | G1882: 34.028735, -118.317236 | H1882: 34.028735 | I1882: -118.31724 | J1882: 0 | K1882: 0 | L1882: 0 | M1882: 0 | N1882: =VLOOKUP(O1882:O8913,'VLOOKUP Ranges'!$A$9:$B$12,2,TRUE) -> 29-55 | O1882: 52 | P1882: 1 | Q1882: No | R1882: No internet service | S1882: No internet service | T1882: No internet service | U1882: No internet service | V1882: No internet service | W1882: No internet service | X1882: 0 | Y1882: =VLOOKUP(Z1882:Z8913,'VLOOKUP Ranges'!$A$2:$B$5,2,TRUE) -> 18-35 | Z1882: 20.65 | AA1882: 1022.95 | AB1882: No | AC1882: 0 | AD1882: 35 | AE1882: 5186 | AG1882: TRUE | AH1882: FALSE | AI1882: FALSE | AJ1882: TRUE | AK1882: FALSE | AL1882: FALSE | AM1882: TRUE | AN1882: 19.672115 | AO1882: =ROUNDUP(Z1882, 0) -> 21 | AP1882: FALSE
... A7033: 3186-AJIEK | B7033: 1 | C7033: United States | D7033: California | E7033: Apple Valley | F7033: 92308 | G7033: 34.424926, -117.184503 | H7033: 34.424926 | I7033: -117.1845 | J7033: 1 | K7033: 0 | L7033: 0 | M7033: 0 | N7033: =VLOOKUP(O7033:O14064,'VLOOKUP Ranges'!$A$9:$B$12,2,TRUE) -> 55-77 | O7033: 66 | P7033: 1 | Q7033: No | R7033: Yes | S7033: No | T7033: Yes | U7033: Yes | V7033: Yes | W7033: Yes | X7033: 1 | Y7033: =VLOOKUP(Z7033:Z14064,'VLOOKUP Ranges'!$A$2:$B$5,2,TRUE) -> 89-118 | Z7033: 105.65 | AA7033: 6844.5 | AB7033: No | AC7033: 0 | AD7033: 38 | AE7033: 5097 | AG7033: FALSE | AH7033: TRUE | AI7033: TRUE | AJ7033: FALSE | AK7033: FALSE | AL7033: FALSE | AM7033: FALSE | AN7033: 103.70455 | AO7033: =ROUNDUP(Z7033, 0) -> 106 | AP7033: TRUE

Sheet Monthly Spent
A3: Sum of Count | B3: Sum of Churn Value | C3: Sum of Churn Rate
A4: 7032 | B4: 1869 | C4: 0.26578498
A9: Sum of Count | B9: Column Labels
A10: Row Labels | B10: Retained | C10: Churned | D10: Grand Total
A11: 19 | B11: 30 | C11: 3 | D11: 33
A12: 20 | B12: 565 | C12: 55 | D12: 620
A13: 21 | B13: 463 | C13: 44 | D13: 507
A14: 22 | B14: 19 | C14: 1 | D14: 20
A15: 23 | B15: 1 | D15: 1
A16: 24 | B16: 27 | C16: 3 | D16: 30
A17: 25 | B17: 170 | C17: 21 | D17: 191
A18: 26 | B18: 153 | C18: 21 | D18: 174
A19: 27 | B19: 24 | D19: 24
A20: 29 | B20: 1 | C20: 2 | D20: 3
A21: 30 | B21: 32 | C21: 12 | D21: 44
A22: 31 | B22: 19 | C22: 12 | D22: 31
A23: 32 | B23: 4 | C23: 2 | D23: 6
A24: 34 | B24: 11 | C24: 5 | D24: 16
A25: 35 | B25: 21 | C25: 8 | D25: 29
A26: 36 | B26: 36 | C26: 12 | D26: 48
A27: 37 | B27: 7 | C27: 4 | D27: 11
A28: 38 | B28: 1 | D28: 1
A29: 39 | B29: 12 | C29: 1 | D29: 13
A30: 40 | B30: 22 | C30: 8 | D30: 30
A31: 41 | B31: 30 | C31: 10 | D31: 40
A32: 42 | B32: 6 | C32: 4 | D32: 10
A33: 43 | B33: 3 | C33: 3 | D33: 6
A34: 44 | B34: 26 | C34: 6 | D34: 32
A35: 45 | B35: 74 | C35: 30 | D35: 104
A36: 46 | B36: 52 | C36: 47 | D36: 99
A37: 47 | B37: 11 | C37: 4 | D37: 15
A38: 48 | B38: 7 | C38: 4 | D38: 11
A39: 49 | B39: 30 | C39: 12 | D39: 42
A40: 50 | B40: 75 | C40: 27 | D40: 102
... A109: 119 | B109: 5 | C109: 1 | D109: 6
A110: Grand Total | B110: 5163 | C110: 1869 | D110: 7032

Sheet VLOOKUP Ranges
A1: Charges | B1: Charges Range
A2: =F3 -> 18.25 | B2: 18-35 | E2: Charges Quartiles
A3: =F4 -> 35.575 | B3: 35-70 | E3: Lowest Charge | F3: =_xlfn.QUARTILE.INC(Telc_customer_churn_with_pivot_!Z2:Z7033, 0) -> 18.25
A4: =F5 -> 70.35 | B4: 70-89 | E4: 0.25 | F4: =_xlfn.QUARTILE.INC(Telc_customer_churn_with_pivot_!Z3:Z7034, 1) -> 35.575
A5: =F6 -> 89.85 | B5: 89-118 | E5: 0.5 | F5: =_xlfn.QUARTILE.INC(Telc_customer_churn_with_pivot_!Z4:Z7035, 2) -> 70.35
E6: 0.75 | F6: =_xlfn.QUARTILE.INC(Telc_customer_churn_with_pivot_!Z5:Z7036, 3) -> 89.85
E7: Highest Charge | F7: =_xlfn.QUARTILE.INC(Telc_customer_churn_with_pivot_!Z6:Z7037, 4) -> 118.75
A8: Tenure Months
A9: =F10 -> 1 | B9: 1-9 | E9: Tenure Months Quartile
A10: =F11 -> 9 | B10: 9-29 | E10: Lowest Charge | F10: =_xlfn.QUARTILE.INC(Telc_customer_churn_with_pivot_!O2:O7033, 0) -> 1
A11: =F12 -> 29 | B11: 29-55 | E11: 0.25 | F11: =_xlfn.QUARTILE.INC(Telc_customer_churn_with_pivot_!O3:O7034, 1) -> 9
A12: =F13 -> 55 | B12: 55-77 | E12: 0.5 | F12: =_xlfn.QUARTILE.INC(Telc_customer_churn_with_pivot_!O4:O7035, 2) -> 29
E13: 0.75 | F13: =_xlfn.QUARTILE.INC(Telc_customer_churn_with_pivot_!O5:O7036, 3) -> 55
E14: Highest Charge | F14: =_xlfn.QUARTILE.INC(Telc_customer_churn_with_pivot_!O6:O7037, 4) -> 72

Sheet Churn By Category
A3: Row Labels | B3: Sum of Churn Rate
A4: 18-35 | B4: 0.11319681
A5: 35-70 | B5: 0.24657534
A6: 70-89 | B6: 0.37578527
A7: 89-118 | B7: 0.32749859
A8: Grand Total | B8: 0.26578498

Sheet Churn Demographics
A1: Sum of Count | B1: Column Labels | G1: Sum of Count | H1: Column Labels | M1: Sum of Count | N1: Column Labels
A2: Row Labels | B2: Yes | C2: No | D2: Grand Total | G2: Row Labels | H2: Yes | I2: No | J2: Grand Total | M2: Row Labels | N2: Yes | O2: No | P2: Grand Total
A3: Non Senior | B3: 1393 | C3: 4497 | D3: 5890 | G3: Female | H3: 939 | I3: 2544 | J3: 3483 | M3: 0 | N3: 1763 | O3: 3649 | P3: 5412
A4: Senior | B4: 476 | C4: 666 | D4: 1142 | G4: Male | H4: 930 | I4: 2619 | J4: 3549 | M4: 1 | N4: 106 | O4: 1514 | P4: 1620
A5: Grand Total | B5: 1869 | C5: 5163 | D5: 7032 | G5: Grand Total | H5: 1869 | I5: 5163 | J5: 7032 | M5: Grand Total | N5: 1869 | O5: 5163 | P5: 7032
N14: s

Sheet Sheet7
